feature_id,sentiment_score,stars_pred,mentions
food,0.41711448082488173,3.5,10875
service,0.32287342508512457,3.0,6995
cleanliness,0.1800277227722772,1.0,100
ambiance,0.44373422636965665,4.0,3285
authenticity,0.2263204081632653,1.5,97
portion_size,0.31782366666666645,2.5,295
