feature_id,sentiment_score,stars_pred,mentions
food,0.512971935483859,5.0,10875
service,0.4336150724085286,4.0,6995
cleanliness,0.18553877551020403,1.0,100
ambiance,0.5758144921874997,5.0,3285
authenticity,0.39606071428571427,3.5,97
portion_size,0.4889594871794869,4.5,295
